model,features,num_features,roc_auc,f1,accuracy,precision,recall
Logistic Regression,"absNetRatingDiff,b2bDiff,closeGame,netRatingDiff,netRating_b2b,offRatingDiff,restDiff",7,0.69586573804568,0.7278939911659305,0.6518076143755999,0.6607656226357996,0.810204081632653
Logistic Regression,"absNetRatingDiff,b2bDiff,closeGame,defRatingDiff,netRatingDiff,netRating_b2b,restDiff",7,0.6958638767087655,0.7276971819242954,0.6517009704596353,0.6608116293155664,0.809647495361781
Logistic Regression,"absNetRatingDiff,b2bDiff,defRatingDiff,netRatingDiff,restDiff",5,0.6958635044413826,0.728151295509456,0.6520209022075291,0.660819597761984,0.8107606679035251
Logistic Regression,"absNetRatingDiff,b2bDiff,closeGame,defRatingDiff,netRatingDiff,restDiff",6,0.6958627133731938,0.7276971819242954,0.6517009704596353,0.6608116293155664,0.809647495361781
Logistic Regression,"absNetRatingDiff,b2bDiff,closeGame,netRatingDiff,netRating_b2b,offRatingDiff",6,0.6958622015055425,0.7278032513547311,0.6518076143755999,0.6608629825889477,0.8098330241187384
Logistic Regression,"absNetRatingDiff,b2bDiff,defRatingDiff,netRatingDiff,netRating_b2b,restDiff",6,0.695860945103125,0.728,0.6519142582915645,0.6608169440242058,0.8103896103896104
Logistic Regression,"absNetRatingDiff,b2bDiff,defRatingDiff,netRatingDiff,offRatingDiff,restDiff",6,0.6958598748343992,0.728151295509456,0.6520209022075291,0.660819597761984,0.8107606679035251
Logistic Regression,"absNetRatingDiff,b2bDiff,defRatingDiff,netRatingDiff,netRating_b2b,offRatingDiff,restDiff",7,0.6958597352341306,0.7278939911659305,0.6518076143755999,0.6607656226357996,0.810204081632653
Logistic Regression,"absNetRatingDiff,b2bDiff,defRatingDiff,netRatingDiff",4,0.6958587114988277,0.7280453257790368,0.6519142582915645,0.660768300060496,0.8105751391465678
Logistic Regression,"absNetRatingDiff,b2bDiff,defRatingDiff,netRatingDiff,offRatingDiff",5,0.6958579669640617,0.7280453257790368,0.6519142582915645,0.660768300060496,0.8105751391465678
Logistic Regression,"absNetRatingDiff,b2bDiff,closeGame,defRatingDiff,offRatingDiff,restDiff",6,0.6958577808303703,0.7278032513547311,0.6518076143755999,0.6608629825889477,0.8098330241187384
Logistic Regression,"absNetRatingDiff,b2bDiff,closeGame,netRatingDiff,offRatingDiff,restDiff",6,0.6958577808303703,0.7276365152146728,0.6515943265436707,0.6607115821347465,0.809647495361781
Logistic Regression,"absNetRatingDiff,b2bDiff,defRatingDiff,offRatingDiff,restDiff",5,0.6958577342969474,0.728151295509456,0.6520209022075291,0.660819597761984,0.8107606679035251
Logistic Regression,"absNetRatingDiff,b2bDiff,closeGame,defRatingDiff,netRatingDiff,netRating_b2b",6,0.6958576877635246,0.7276517678452301,0.6517009704596353,0.660860345349894,0.8094619666048237
Logistic Regression,"absNetRatingDiff,b2bDiff,closeGame,defRatingDiff,netRatingDiff,offRatingDiff,restDiff",7,0.6958576412301016,0.7278032513547311,0.6518076143755999,0.6608629825889477,0.8098330241187384
Logistic Regression,"absNetRatingDiff,b2bDiff,closeGame,defRatingDiff,netRating_b2b,offRatingDiff,restDiff",7,0.6958571758958731,0.7275456592444334,0.6515943265436707,0.6608089683381306,0.8092764378478664
Logistic Regression,"absNetRatingDiff,b2bDiff,defRatingDiff,offRatingDiff",4,0.6958568966953359,0.7280453257790368,0.6519142582915645,0.660768300060496,0.8105751391465678
Logistic Regression,"absNetRatingDiff,b2bDiff,netRatingDiff,netRating_b2b,offRatingDiff,restDiff",6,0.6958564313611073,0.728,0.6519142582915645,0.6608169440242058,0.8103896103896104
Logistic Regression,"absNetRatingDiff,b2bDiff,closeGame,defRatingDiff,netRatingDiff",5,0.6958563848276844,0.7276971819242954,0.6517009704596353,0.6608116293155664,0.809647495361781
Logistic Regression,"absNetRatingDiff,b2bDiff,closeGame,defRatingDiff,netRatingDiff,offRatingDiff",6,0.6958561056271473,0.7276971819242954,0.6517009704596353,0.6608116293155664,0.809647495361781
Logistic Regression,"absNetRatingDiff,b2bDiff,defRatingDiff,netRating_b2b,offRatingDiff,restDiff",6,0.6958560125603015,0.728,0.6519142582915645,0.6608169440242058,0.8103896103896104
Logistic Regression,"absNetRatingDiff,b2bDiff,closeGame,defRatingDiff,netRatingDiff,netRating_b2b,offRatingDiff,restDiff",8,0.6958559194934557,0.7276517678452301,0.6517009704596353,0.660860345349894,0.8094619666048237
Logistic Regression,"absNetRatingDiff,b2bDiff,netRatingDiff,offRatingDiff",4,0.6958557798931873,0.7280453257790368,0.6519142582915645,0.660768300060496,0.8105751391465678
Logistic Regression,"absNetRatingDiff,b2bDiff,closeGame,netRatingDiff,offRatingDiff",5,0.6958555937594957,0.7276365152146728,0.6515943265436707,0.6607115821347465,0.809647495361781
Logistic Regression,"absNetRatingDiff,b2bDiff,netRatingDiff,offRatingDiff,restDiff",5,0.6958553610923814,0.728151295509456,0.6520209022075291,0.660819597761984,0.8107606679035251
Logistic Regression,"absNetRatingDiff,b2bDiff,defRatingDiff,netRating_b2b,offRatingDiff",5,0.6958550818918443,0.728,0.6519142582915645,0.6608169440242058,0.8103896103896104
Logistic Regression,"absNetRatingDiff,b2bDiff,netRatingDiff,netRating_b2b,offRatingDiff",5,0.6958550353584214,0.728,0.6519142582915645,0.6608169440242058,0.8103896103896104
Logistic Regression,"absNetRatingDiff,b2bDiff,closeGame,defRatingDiff,offRatingDiff",5,0.6958549888249985,0.7276971819242954,0.6517009704596353,0.6608116293155664,0.809647495361781
Logistic Regression,"absNetRatingDiff,b2bDiff,defRatingDiff,netRatingDiff,netRating_b2b",5,0.69585484922473,0.728,0.6519142582915645,0.6608169440242058,0.8103896103896104
Logistic Regression,"absNetRatingDiff,b2bDiff,defRatingDiff,netRatingDiff,netRating_b2b,offRatingDiff",6,0.6958547561578842,0.7278939911659305,0.6518076143755999,0.6607656226357996,0.810204081632653
Logistic Regression,"absNetRatingDiff,b2bDiff,closeGame,defRatingDiff,netRatingDiff,netRating_b2b,offRatingDiff",7,0.6958528017541239,0.7276063386155129,0.6517009704596353,0.6609090909090909,0.8092764378478664
Logistic Regression,"absNetRatingDiff,b2bDiff,close_b2b,defRatingDiff,netRatingDiff,restDiff",6,0.6958520106859353,0.7291770573566084,0.6525541217873521,0.6605421686746988,0.8137291280148423
Logistic Regression,"absNetRatingDiff,b2bDiff,closeGame,defRatingDiff,netRating_b2b,offRatingDiff",6,0.6958511730843236,0.7275456592444334,0.6515943265436707,0.6608089683381306,0.8092764378478664
Logistic Regression,"absNetRatingDiff,b2bDiff,close_b2b,defRatingDiff,netRatingDiff",5,0.695850382016135,0.7292983039574327,0.6527674096192813,0.6607411871045495,0.8137291280148423
Logistic Regression,"absNetRatingDiff,b2bDiff,close_b2b,defRatingDiff,netRatingDiff,netRating_b2b,restDiff",7,0.6958475900107631,0.7293139293139294,0.6528740535352459,0.6608892238131123,0.813543599257885
Logistic Regression,"absNetRatingDiff,b2bDiff,close_b2b,defRatingDiff,netRatingDiff,netRating_b2b,offRatingDiff,restDiff",8,0.6958474504104947,0.7291025534392415,0.6526607657033167,0.66078697421981,0.8131725417439704
Logistic Regression,"absNetRatingDiff,b2bDiff,close_b2b,defRatingDiff,offRatingDiff",5,0.6958470781431116,0.7292983039574327,0.6527674096192813,0.6607411871045495,0.8137291280148423
Logistic Regression,"absNetRatingDiff,b2bDiff,close_b2b,defRatingDiff,netRatingDiff,netRating_b2b,offRatingDiff",7,0.6958467989425745,0.729163200798536,0.6527674096192813,0.6608866103739445,0.8131725417439704
Logistic Regression,"absNetRatingDiff,b2bDiff,close_b2b,defRatingDiff,netRatingDiff,offRatingDiff",6,0.6958461009412317,0.7292983039574327,0.6527674096192813,0.6607411871045495,0.8137291280148423
Logistic Regression,"absNetRatingDiff,b2bDiff,close_b2b,defRatingDiff,offRatingDiff,restDiff",6,0.6958460544078087,0.7292376756172583,0.6526607657033167,0.6606416629010393,0.8137291280148423
Logistic Regression,"absNetRatingDiff,b2bDiff,close_b2b,defRatingDiff,netRatingDiff,netRating_b2b",6,0.6958452168061973,0.729208250166334,0.6527674096192813,0.6608381067229424,0.8133580705009277
Logistic Regression,"absNetRatingDiff,b2bDiff,close_b2b,netRatingDiff,netRating_b2b,offRatingDiff",6,0.6958449841390828,0.729208250166334,0.6527674096192813,0.6608381067229424,0.8133580705009277
Logistic Regression,"absNetRatingDiff,b2bDiff,close_b2b,defRatingDiff,netRating_b2b,offRatingDiff,restDiff",7,0.6958447980053913,0.7291025534392415,0.6526607657033167,0.66078697421981,0.8131725417439704
Logistic Regression,"absNetRatingDiff,b2bDiff,close_b2b,netRatingDiff,netRating_b2b,offRatingDiff,restDiff",7,0.6958444722714314,0.7291025534392415,0.6526607657033167,0.66078697421981,0.8131725417439704
Logistic Regression,"absNetRatingDiff,b2bDiff,close_b2b,defRatingDiff,netRating_b2b,offRatingDiff",6,0.6958443326711626,0.729163200798536,0.6527674096192813,0.6608866103739445,0.8131725417439704
Logistic Regression,"absNetRatingDiff,b2bDiff,close_b2b,defRatingDiff,netRatingDiff,offRatingDiff,restDiff",7,0.6958437742700884,0.7292376756172583,0.6526607657033167,0.6606416629010393,0.8137291280148423
Logistic Regression,"absNetRatingDiff,b2bDiff,close_b2b,netRatingDiff,offRatingDiff",5,0.6958437277366656,0.7292983039574327,0.6527674096192813,0.6607411871045495,0.8137291280148423
Logistic Regression,"absNetRatingDiff,b2bDiff,close_b2b,netRatingDiff,offRatingDiff,restDiff",6,0.6958422852005567,0.7293276822072634,0.6526607657033167,0.6605449345175373,0.814100185528757
Logistic Regression,"b2bDiff,closeGame,defRatingDiff,netRatingDiff,restDiff",5,0.6958407495976023,0.7285405943881786,0.6512743947957769,0.6592548076923077,0.814100185528757
Logistic Regression,"b2bDiff,closeGame,defRatingDiff,offRatingDiff,restDiff",5,0.6958376318582703,0.7286010792860108,0.6513810387117415,0.6593538692712246,0.814100185528757
Logistic Regression,"b2bDiff,defRatingDiff,netRatingDiff,restDiff",4,0.6958369338569274,0.7281198003327787,0.6514876826277061,0.6600301659125188,0.811873840445269
Logistic Regression,"b2bDiff,closeGame,defRatingDiff,netRatingDiff,offRatingDiff,restDiff",6,0.6958367942566589,0.7286461359674608,0.6513810387117415,0.6593059936908517,0.8142857142857143
Logistic Regression,"b2bDiff,defRatingDiff,netRatingDiff,netRating_b2b,restDiff",5,0.6958367942566588,0.7281803810633164,0.6515943265436707,0.6601297329914014,0.811873840445269
Logistic Regression,"absNetRatingDiff,b2bDiff,closeGame,close_b2b,defRatingDiff,offRatingDiff",6,0.69583600318847,0.7289517470881863,0.6525541217873521,0.6607843137254902,0.8128014842300556
Logistic Regression,"b2bDiff,netRatingDiff,netRating_b2b,offRatingDiff,restDiff",5,0.6958352121202815,0.7281198003327787,0.6514876826277061,0.6600301659125188,0.811873840445269
Logistic Regression,"b2bDiff,closeGame,defRatingDiff,netRatingDiff,netRating_b2b,offRatingDiff,restDiff",7,0.695834653719207,0.728495516439721,0.6512743947957769,0.659302675082657,0.8139146567717996
Logistic Regression,"b2bDiff,defRatingDiff,netRating_b2b,offRatingDiff,restDiff",5,0.6958344675855157,0.7280592296813909,0.6513810387117415,0.6599306288644247,0.811873840445269
Logistic Regression,"b2bDiff,defRatingDiff,offRatingDiff,restDiff",4,0.695834327985247,0.7281198003327787,0.6514876826277061,0.6600301659125188,0.811873840445269
Logistic Regression,"b2bDiff,closeGame,netRatingDiff,offRatingDiff,restDiff",5,0.6958342814518241,0.7286461359674608,0.6513810387117415,0.6593059936908517,0.8142857142857143
Logistic Regression,"b2bDiff,defRatingDiff,netRatingDiff,netRating_b2b,offRatingDiff,restDiff",6,0.6958342349184015,0.7281803810633164,0.6515943265436707,0.6601297329914014,0.811873840445269
Logistic Regression,"absNetRatingDiff,b2bDiff,closeGame,close_b2b,defRatingDiff,netRatingDiff,netRating_b2b,offRatingDiff,restDiff",9,0.6958342349184014,0.7286344345510527,0.6522341900394583,0.6606307529802323,0.8122448979591836
Logistic Regression,"b2bDiff,defRatingDiff,netRatingDiff,offRatingDiff,restDiff",5,0.6958342349184014,0.7281198003327787,0.6514876826277061,0.6600301659125188,0.811873840445269
Logistic Regression,"absNetRatingDiff,b2bDiff,closeGame,close_b2b,defRatingDiff,netRatingDiff,netRating_b2b,offRatingDiff",8,0.6958341418515557,0.7286950732356857,0.6523408339554229,0.6607304557802596,0.8122448979591836
Logistic Regression,"b2bDiff,netRatingDiff,offRatingDiff,restDiff",4,0.6958339091844412,0.7281803810633164,0.6515943265436707,0.6601297329914014,0.811873840445269
Logistic Regression,"absNetRatingDiff,b2bDiff,defRatingDiff,netRatingDiff,netRating_rest",5,0.6958337695841726,0.7275606300525044,0.6513810387117415,0.6604630049931911,0.8098330241187384
Logistic Regression,"b2bDiff,closeGame,defRatingDiff,netRatingDiff,netRating_b2b,restDiff",6,0.6958332577165212,0.7284801195318337,0.6511677508798123,0.6591557758750187,0.814100185528757
Logistic Regression,"b2bDiff,closeGame,defRatingDiff,offRatingDiff",4,0.6958330715828298,0.7286010792860108,0.6513810387117415,0.6593538692712246,0.814100185528757
Logistic Regression,"b2bDiff,defRatingDiff,netRatingDiff",3,0.6958330250494069,0.7282409718755201,0.6517009704596353,0.660229330114665,0.811873840445269
Logistic Regression,"absNetRatingDiff,b2bDiff,closeGame,close_b2b,defRatingDiff,netRatingDiff,offRatingDiff",7,0.6958327458488698,0.7289066400399401,0.6525541217873521,0.6608328304164152,0.8126159554730983
Logistic Regression,"absNetRatingDiff,b2bDiff,defRatingDiff,netRatingDiff,netRating_rest,offRatingDiff",6,0.6958324666483325,0.7275,0.6512743947957769,0.6603630862329803,0.8098330241187384
Logistic Regression,"absNetRatingDiff,b2bDiff,closeGame,netRatingDiff,netRating_b2b,netRating_rest,offRatingDiff",7,0.695831954780681,0.7273333889398615,0.6513810387117415,0.6607061676011516,0.8089053803339518
Logistic Regression,"absNetRatingDiff,b2bDiff,defRatingDiff,netRating_rest,offRatingDiff",5,0.6958318617138352,0.7277120479920013,0.6514876826277061,0.6604658197217181,0.810204081632653
Logistic Regression,"absNetRatingDiff,b2bDiff,closeGame,close_b2b,defRatingDiff,netRatingDiff,offRatingDiff,restDiff",8,0.6958316290467209,0.7287853577371048,0.6523408339554229,0.6606334841628959,0.8126159554730983
Logistic Regression,"absNetRatingDiff,b2bDiff,closeGame,close_b2b,defRatingDiff,offRatingDiff,restDiff",7,0.6958313963796066,0.7287853577371048,0.6523408339554229,0.6606334841628959,0.8126159554730983
Logistic Regression,"absNetRatingDiff,b2bDiff,defRatingDiff,netRating_b2b,netRating_rest,offRatingDiff",6,0.6958312567793381,0.7271211868644775,0.6508478191319185,0.6601089588377724,0.8092764378478664
Logistic Regression,"absNetRatingDiff,b2bDiff,closeGame,close_b2b,defRatingDiff,netRatingDiff",6,0.6958312102459152,0.7286653900591125,0.6524474778713875,0.6609273523636913,0.811873840445269
Logistic Regression,"b2bDiff,closeGame,netRatingDiff,netRating_b2b,offRatingDiff,restDiff",6,0.6958310241122236,0.7285405943881786,0.6512743947957769,0.6592548076923077,0.814100185528757
Logistic Regression,"absNetRatingDiff,b2bDiff,closeGame,defRatingDiff,netRatingDiff,netRating_rest",6,0.6958310241122236,0.7272575669140332,0.6511677508798123,0.6604573678630925,0.8090909090909091
Logistic Regression,"b2bDiff,defRatingDiff,netRatingDiff,netRating_b2b",4,0.6958307914451094,0.7281198003327787,0.6514876826277061,0.6600301659125188,0.811873840445269
Logistic Regression,"absNetRatingDiff,b2bDiff,closeGame,netRatingDiff,netRating_rest,offRatingDiff",6,0.6958306983782637,0.727303042934556,0.6511677508798123,0.6604087812263437,0.8092764378478664
Logistic Regression,"b2bDiff,closeGame,close_b2b,netRatingDiff,offRatingDiff,restDiff",6,0.6958305587779952,0.7302691511387164,0.6526607657033167,0.6595362752430816,0.8179962894248608
Logistic Regression,"b2bDiff,defRatingDiff,netRating_b2b,offRatingDiff",4,0.695830558777995,0.7281803810633164,0.6515943265436707,0.6601297329914014,0.811873840445269
Logistic Regression,"absNetRatingDiff,b2bDiff,closeGame,close_b2b,defRatingDiff,netRating_b2b,offRatingDiff",7,0.6958303261108808,0.7287105635561475,0.6524474778713875,0.6608787558508229,0.8120593692022263
Logistic Regression,"b2bDiff,defRatingDiff,offRatingDiff",3,0.6958300469103436,0.7282409718755201,0.6517009704596353,0.660229330114665,0.811873840445269
Logistic Regression,"absNetRatingDiff,b2bDiff,closeGame,close_b2b,defRatingDiff,netRating_b2b,offRatingDiff,restDiff",8,0.6958298607766521,0.728589263420724,0.6522341900394583,0.6606792452830189,0.8120593692022263
Logistic Regression,"absNetRatingDiff,b2bDiff,defRatingDiff,netRatingDiff,netRating_b2b,netRating_rest,offRatingDiff",7,0.6958297677098064,0.7270756918972991,0.6508478191319185,0.6601574326369967,0.8090909090909091
Logistic Regression,"absNetRatingDiff,b2bDiff,closeGame,close_b2b,netRatingDiff,offRatingDiff",6,0.6958296281095379,0.7288770498626488,0.6526607657033167,0.6610297448286275,0.8122448979591836
Logistic Regression,"absNetRatingDiff,b2bDiff,closeGame,defRatingDiff,netRatingDiff,netRating_rest,offRatingDiff",7,0.6958295350426921,0.7271514342895263,0.6510611069638477,0.6604059375946683,0.8089053803339518
Logistic Regression,"b2bDiff,netRatingDiff,offRatingDiff",3,0.6958293023755777,0.7281803810633164,0.6515943265436707,0.6601297329914014,0.811873840445269
Logistic Regression,"absNetRatingDiff,b2bDiff,netRatingDiff,netRating_b2b,netRating_rest,offRatingDiff",6,0.6958292558421549,0.7271817954488622,0.6509544630478831,0.6602088693809596,0.8092764378478664
Logistic Regression,"b2bDiff,netRatingDiff,netRating_b2b,offRatingDiff",4,0.6958291627753092,0.7281803810633164,0.6515943265436707,0.6601297329914014,0.811873840445269
Logistic Regression,"absNetRatingDiff,b2bDiff,closeGame,close_b2b,netRatingDiff,netRating_b2b,offRatingDiff,restDiff",8,0.6958289766416177,0.7286047286047286,0.6523408339554229,0.6608275445484748,0.811873840445269
Logistic Regression,"b2bDiff,close_b2b,defRatingDiff,netRatingDiff,offRatingDiff,restDiff",6,0.6958288370413491,0.7292340884573895,0.6520209022075291,0.6596607116048642,0.8152133580705009
Logistic Regression,"b2bDiff,closeGame,close_b2b,defRatingDiff,netRatingDiff,restDiff",6,0.6958287439745034,0.7300588089124492,0.6524474778713875,0.6594343857549005,0.8176252319109462
Logistic Regression,"b2bDiff,closeGame,defRatingDiff,netRatingDiff",4,0.6958287439745034,0.7286461359674608,0.6513810387117415,0.6593059936908517,0.8142857142857143
Logistic Regression,"b2bDiff,closeGame,close_b2b,defRatingDiff,offRatingDiff,restDiff",6,0.6958286043742348,0.7300588089124492,0.6524474778713875,0.6594343857549005,0.8176252319109462
Logistic Regression,"absNetRatingDiff,b2bDiff,netRatingDiff,netRating_rest,offRatingDiff",5,0.695828557840812,0.7277120479920013,0.6514876826277061,0.6604658197217181,0.810204081632653
Logistic Regression,"b2bDiff,closeGame,netRatingDiff,offRatingDiff",4,0.6958285113073892,0.7286461359674608,0.6513810387117415,0.6593059936908517,0.8142857142857143
Logistic Regression,"absNetRatingDiff,b2bDiff,closeGame,close_b2b,defRatingDiff,netRatingDiff,restDiff",7,0.6958284182405434,0.7286047286047286,0.6523408339554229,0.6608275445484748,0.811873840445269
Logistic Regression,"absNetRatingDiff,b2bDiff,defRatingDiff,netRatingDiff,netRating_b2b,netRating_rest",6,0.6958281390400062,0.7271211868644775,0.6508478191319185,0.6601089588377724,0.8092764378478664
Logistic Regression,"absNetRatingDiff,b2bDiff,closeGame,close_b2b,netRatingDiff,offRatingDiff,restDiff",7,0.6958280925065833,0.7288163808889628,0.6525541217873521,0.6609299516908212,0.8122448979591836
Logistic Regression,"absNetRatingDiff,b2bDiff,closeGame,close_b2b,defRatingDiff,netRatingDiff,netRating_b2b,restDiff",8,0.695827534105509,0.7287105635561475,0.6524474778713875,0.6608787558508229,0.8120593692022263
Logistic Regression,"b2bDiff,defRatingDiff,netRatingDiff,netRating_b2b,offRatingDiff",5,0.6958275341055089,0.7283621837549934,0.6519142582915645,0.6604286145487474,0.811873840445269
Logistic Regression,"b2bDiff,closeGame,defRatingDiff,netRating_b2b,offRatingDiff,restDiff",6,0.6958274410386632,0.728374564170679,0.6510611069638477,0.6591045673076923,0.8139146567717996
Logistic Regression,"absNetRatingDiff,b2bDiff,closeGame,defRatingDiff,netRating_rest,offRatingDiff",6,0.6958274410386632,0.7270452839629722,0.6509544630478831,0.6603544917436752,0.8087198515769944
Logistic Regression,"absNetRatingDiff,b2bDiff,closeGame,close_b2b,defRatingDiff,netRatingDiff,netRating_b2b",7,0.6958273479718176,0.7285595337218984,0.6523408339554229,0.6608761329305136,0.8116883116883117
Logistic Regression,"absNetRatingDiff,b2bDiff,closeGame,defRatingDiff,netRatingDiff,netRating_b2b,netRating_rest",7,0.6958267430373202,0.7274395329441201,0.6514876826277061,0.6607575757575758,0.8090909090909091
Logistic Regression,"b2bDiff,closeGame,close_b2b,netRatingDiff,offRatingDiff",5,0.6958266965038975,0.7303901267290649,0.6528740535352459,0.6597336525512495,0.8179962894248608
Logistic Regression,"absNetRatingDiff,b2bDiff,closeGame,close_b2b,netRatingDiff,netRating_b2b,offRatingDiff",7,0.6958263707699373,0.7286653900591125,0.6524474778713875,0.6609273523636913,0.811873840445269
Logistic Regression,"b2bDiff,closeGame,defRatingDiff,netRatingDiff,netRating_b2b,offRatingDiff",6,0.6958263242365145,0.728495516439721,0.6512743947957769,0.659302675082657,0.8139146567717996
Logistic Regression,"b2bDiff,closeGame,defRatingDiff,netRatingDiff,netRating_b2b",5,0.6958257193020173,0.7284801195318337,0.6511677508798123,0.6591557758750187,0.814100185528757
Logistic Regression,"b2bDiff,closeGame,defRatingDiff,netRatingDiff,offRatingDiff",5,0.6958256262351715,0.7287066246056783,0.6514876826277061,0.6594050480769231,0.8142857142857143
Logistic Regression,"b2bDiff,closeGame,close_b2b,defRatingDiff,netRatingDiff,offRatingDiff,restDiff",7,0.6958255797017485,0.7300588089124492,0.6524474778713875,0.6594343857549005,0.8176252319109462
Logistic Regression,"b2bDiff,closeGame,close_b2b,defRatingDiff,netRatingDiff,offRatingDiff",6,0.695825486634903,0.730195558501823,0.6527674096192813,0.6597783767595088,0.8174397031539888
Logistic Regression,"absNetRatingDiff,b2bDiff,closeGame,defRatingDiff,netRating_b2b,netRating_rest,offRatingDiff",7,0.6958254401014801,0.7272727272727273,0.6512743947957769,0.6606060606060606,0.8089053803339518
Logistic Regression,"b2bDiff,closeGame,close_b2b,defRatingDiff,netRatingDiff,netRating_b2b,restDiff",7,0.6958249747672515,0.7300745650372825,0.6525541217873521,0.6595808383233533,0.8174397031539888
Logistic Regression,"b2bDiff,defRatingDiff,netRatingDiff,offRatingDiff",4,0.6958249747672515,0.7283015727719064,0.6518076143755999,0.6603289572959107,0.811873840445269
Logistic Regression,"b2bDiff,close_b2b,netRatingDiff,offRatingDiff",4,0.6958245559664458,0.7294156706507304,0.6523408339554229,0.6599579453289276,0.8152133580705009
Logistic Regression,"b2bDiff,close_b2b,defRatingDiff,netRatingDiff",4,0.6958240906322171,0.7297319724504191,0.6526607657033167,0.6601110944302657,0.815769944341373
Logistic Regression,"b2bDiff,close_b2b,defRatingDiff,offRatingDiff,restDiff",5,0.6958235787645656,0.7293395287089279,0.6521275461234937,0.6597117982587811,0.8153988868274582
Logistic Regression,"b2bDiff,closeGame,close_b2b,defRatingDiff,offRatingDiff",5,0.6958232530306055,0.730284956925116,0.6527674096192813,0.6596827297216402,0.8178107606679035
Logistic Regression,"b2bDiff,closeGame,close_b2b,defRatingDiff,netRatingDiff",5,0.6958230203634913,0.730284956925116,0.6527674096192813,0.6596827297216402,0.8178107606679035
Logistic Regression,"b2bDiff,closeGame,defRatingDiff,netRating_b2b,offRatingDiff",5,0.695822415428994,0.728585657370518,0.6512743947957769,0.6592069690597777,0.8142857142857143
Logistic Regression,"b2bDiff,close_b2b,defRatingDiff,netRatingDiff,offRatingDiff",5,0.6958220896950339,0.7295816733067729,0.6525541217873521,0.6601081405827576,0.8153988868274582
Logistic Regression,"absNetRatingDiff,b2bDiff,closeGame,defRatingDiff,netRatingDiff,netRating_b2b,netRating_rest,offRatingDiff",8,0.6958218104944968,0.7273333889398615,0.6513810387117415,0.6607061676011516,0.8089053803339518
Logistic Regression,"b2bDiff,close_b2b,netRatingDiff,offRatingDiff,restDiff",5,0.6958217639610738,0.7294898382413936,0.6522341900394583,0.6597149287321831,0.815769944341373
Logistic Regression,"b2bDiff,closeGame,close_b2b,defRatingDiff,netRating_b2b,offRatingDiff,restDiff",7,0.6958216708942282,0.7296535720205536,0.6521275461234937,0.6593768723786698,0.8166975881261596
Logistic Regression,"absNetRatingDiff,b2bDiff,close_b2b,netRatingDiff,netRating_rest,offRatingDiff",6,0.6958214847605366,0.7286331892251413,0.6519142582915645,0.6601385959626394,0.812987012987013
Logistic Regression,"b2bDiff,closeGame,close_b2b,defRatingDiff,netRatingDiff,netRating_b2b",6,0.6958211124931537,0.7300903289964366,0.6526607657033167,0.6597274224951325,0.8172541743970315
Logistic Regression,"b2bDiff,close_b2b,defRatingDiff,offRatingDiff",4,0.6958206471589252,0.7297319724504191,0.6526607657033167,0.6601110944302657,0.815769944341373
Logistic Regression,"b2bDiff,closeGame,close_b2b,defRatingDiff,netRatingDiff,netRating_b2b,offRatingDiff,restDiff",8,0.6958195768901994,0.7297588464407061,0.6522341900394583,0.659427886775498,0.8168831168831169
Logistic Regression,"b2bDiff,close_b2b,defRatingDiff,netRatingDiff,restDiff",5,0.6958193907565078,0.7295054762694988,0.6523408339554229,0.6598619033323326,0.8155844155844156
Logistic Regression,"absNetRatingDiff,b2bDiff,close_b2b,defRatingDiff,netRating_rest,offRatingDiff",6,0.6958192511562393,0.728709248170326,0.6521275461234937,0.6603858908652397,0.8128014842300556
Logistic Regression,"absNetRatingDiff,b2bDiff,close_b2b,defRatingDiff,netRatingDiff,netRating_rest",6,0.6958191580893935,0.7287698577726025,0.6522341900394583,0.6604854515302276,0.8128014842300556
Logistic Regression,"b2bDiff,closeGame,close_b2b,defRatingDiff,netRating_b2b,offRatingDiff",6,0.6958187392885877,0.7299403183023873,0.6525541217873521,0.659724303266407,0.8168831168831169
Logistic Regression,"b2bDiff,closeGame,netRatingDiff,netRating_b2b,offRatingDiff",5,0.695818320487782,0.7284801195318337,0.6511677508798123,0.6591557758750187,0.814100185528757
Logistic Regression,"b2bDiff,closeGame,close_b2b,defRatingDiff,netRatingDiff,netRating_b2b,offRatingDiff",7,0.6958183204877819,0.7301508370628211,0.6527674096192813,0.6598262432594368,0.8172541743970315
Logistic Regression,"absNetRatingDiff,b2bDiff,close_b2b,defRatingDiff,netRatingDiff,netRating_b2b,netRating_rest,offRatingDiff",8,0.6958179016869761,0.728709248170326,0.6521275461234937,0.6603858908652397,0.8128014842300556
Logistic Regression,"absNetRatingDiff,b2bDiff,closeGame,close_b2b,defRatingDiff,netRatingDiff,netRating_rest,offRatingDiff",8,0.6958177155532848,0.7286344345510527,0.6522341900394583,0.6606307529802323,0.8122448979591836
Logistic Regression,"b2bDiff,close_b2b,defRatingDiff,netRatingDiff,netRating_b2b,offRatingDiff",6,0.6958170175519418,0.7295054762694988,0.6523408339554229,0.6598619033323326,0.8155844155844156
Logistic Regression,"b2bDiff,close_b2b,defRatingDiff,netRatingDiff,netRating_b2b,restDiff",6,0.6958163195505989,0.7292634372926343,0.6519142582915645,0.6594659465946595,0.8155844155844156
Logistic Regression,"absNetRatingDiff,b2bDiff,close_b2b,netRatingDiff,netRating_b2b,netRating_rest,offRatingDiff",7,0.6958162264837531,0.728709248170326,0.6521275461234937,0.6603858908652397,0.8128014842300556
Logistic Regression,"b2bDiff,closeGame,close_b2b,netRatingDiff,netRating_b2b,offRatingDiff,restDiff",7,0.6958160868834845,0.7299693429447345,0.6524474778713875,0.6595298697409792,0.8172541743970315
Logistic Regression,"absNetRatingDiff,b2bDiff,close_b2b,defRatingDiff,netRatingDiff,netRating_b2b,netRating_rest",7,0.6958154819489872,0.728709248170326,0.6521275461234937,0.6603858908652397,0.8128014842300556
Logistic Regression,"absNetRatingDiff,b2bDiff,closeGame,close_b2b,defRatingDiff,netRatingDiff,netRating_rest",7,0.6958153423487187,0.7284988760303055,0.6522341900394583,0.6607763177767709,0.8116883116883117
Logistic Regression,"b2bDiff,close_b2b,netRatingDiff,netRating_b2b,offRatingDiff,restDiff",6,0.6958149700813359,0.7292634372926343,0.6519142582915645,0.6594659465946595,0.8155844155844156
Logistic Regression,"b2bDiff,close_b2b,defRatingDiff,netRatingDiff,netRating_b2b,offRatingDiff,restDiff",7,0.6958147839476443,0.7293844367015099,0.6521275461234937,0.6596638655462185,0.8155844155844156
Logistic Regression,"b2bDiff,closeGame,close_b2b,netRatingDiff,netRating_b2b,offRatingDiff",6,0.6958140394128784,0.7299403183023873,0.6525541217873521,0.659724303266407,0.8168831168831169
Logistic Regression,"b2bDiff,close_b2b,defRatingDiff,netRatingDiff,netRating_b2b",5,0.6958138067457642,0.7294449514643657,0.6522341900394583,0.659762869578268,0.8155844155844156
Logistic Regression,"absNetRatingDiff,b2bDiff,close_b2b,defRatingDiff,netRatingDiff,netRating_rest,offRatingDiff",7,0.6958131552778442,0.7287698577726025,0.6522341900394583,0.6604854515302276,0.8128014842300556
Logistic Regression,"absNetRatingDiff,b2bDiff,closeGame,close_b2b,netRatingDiff,netRating_rest,offRatingDiff",7,0.6958126434101926,0.7285286284953395,0.6521275461234937,0.6605795351645035,0.8120593692022263
Logistic Regression,"b2bDiff,close_b2b,netRatingDiff,netRating_b2b,offRatingDiff",5,0.6958125968767697,0.7294449514643657,0.6522341900394583,0.659762869578268,0.8155844155844156
Logistic Regression,"b2bDiff,close_b2b,defRatingDiff,netRating_b2b,offRatingDiff,restDiff",6,0.6958121315425412,0.7294449514643657,0.6522341900394583,0.659762869578268,0.8155844155844156
Logistic Regression,"absNetRatingDiff,b2bDiff,close_b2b,defRatingDiff,netRating_b2b,netRating_rest,offRatingDiff",7,0.6958120850091183,0.7285583562099659,0.6520209022075291,0.660383049313829,0.812430426716141
Logistic Regression,"b2bDiff,defRatingDiff,netRatingDiff,netRating_rest",4,0.6958115266080438,0.7280745548344151,0.6514876826277061,0.6600784550392276,0.8116883116883117
Logistic Regression,"b2bDiff,close_b2b,defRatingDiff,netRating_b2b,offRatingDiff",5,0.6958114335411982,0.7294000497883993,0.6522341900394583,0.6598108392133313,0.8153988868274582
Logistic Regression,"absNetRatingDiff,b2bDiff,closeGame,close_b2b,defRatingDiff,netRating_rest,offRatingDiff",7,0.6958108751401237,0.7285286284953395,0.6521275461234937,0.6605795351645035,0.8120593692022263
Logistic Regression,"absNetRatingDiff,b2bDiff,closeGame,close_b2b,defRatingDiff,netRatingDiff,netRating_b2b,netRating_rest,offRatingDiff",9,0.6958090138032091,0.7280446183301423,0.6515943265436707,0.6602747999396044,0.811317254174397
Logistic Regression,"b2bDiff,close_b2b,netRatingDiff,netRating_rest,offRatingDiff",5,0.6958089207363636,0.729460580912863,0.6523408339554229,0.6599099099099099,0.8153988868274582
Logistic Regression,"b2bDiff,defRatingDiff,netRating_rest,offRatingDiff",4,0.6958085019355578,0.7279687109927603,0.6513810387117415,0.6600271616115889,0.8115027829313544
Logistic Regression,"b2bDiff,closeGame,defRatingDiff,netRatingDiff,netRating_rest,offRatingDiff",6,0.695808083134752,0.7285405943881786,0.6512743947957769,0.6592548076923077,0.814100185528757
Logistic Regression,"b2bDiff,netRatingDiff,netRating_rest,offRatingDiff",4,0.6958057099301859,0.7279687109927603,0.6513810387117415,0.6600271616115889,0.8115027829313544
Logistic Regression,"b2bDiff,closeGame,defRatingDiff,netRatingDiff,netRating_rest",5,0.6958051515291116,0.7285405943881786,0.6512743947957769,0.6592548076923077,0.814100185528757
Logistic Regression,"b2bDiff,closeGame,close_b2b,defRatingDiff,netRatingDiff,netRating_rest",6,0.6958042208606543,0.7298483969845083,0.6522341900394583,0.6593324352641821,0.8172541743970315
Logistic Regression,"absNetRatingDiff,b2bDiff,closeGame,close_b2b,netRatingDiff,netRating_b2b,netRating_rest,offRatingDiff",8,0.6958041277938085,0.728014656895403,0.6517009704596353,0.6604714415231188,0.8109461966604824
Logistic Regression,"b2bDiff,close_b2b,defRatingDiff,netRatingDiff,netRating_rest,offRatingDiff",6,0.6958035693927342,0.729460580912863,0.6523408339554229,0.6599099099099099,0.8153988868274582
Logistic Regression,"b2bDiff,closeGame,close_b2b,defRatingDiff,netRatingDiff,netRating_rest,offRatingDiff",7,0.6958030575250826,0.7293220619923753,0.6517009704596353,0.6590772917914919,0.8163265306122449
Logistic Regression,"b2bDiff,closeGame,defRatingDiff,netRating_rest,offRatingDiff",5,0.6958030575250826,0.7286010792860108,0.6513810387117415,0.6593538692712246,0.814100185528757
Logistic Regression,"b2bDiff,closeGame,close_b2b,netRatingDiff,netRating_rest,offRatingDiff",6,0.6958030109916598,0.7301035196687371,0.6524474778713875,0.6593866866118175,0.8178107606679035
Logistic Regression,"absNetRatingDiff,b2bDiff,closeGame,close_b2b,defRatingDiff,netRatingDiff,netRating_b2b,netRating_rest",8,0.6958028713913912,0.7279087199133839,0.6515943265436707,0.6604201299682636,0.8107606679035251
Logistic Regression,"b2bDiff,close_b2b,defRatingDiff,netRating_rest,offRatingDiff",5,0.6958024991240083,0.7294449514643657,0.6522341900394583,0.659762869578268,0.8155844155844156
Logistic Regression,"b2bDiff,defRatingDiff,netRatingDiff,netRating_rest,offRatingDiff",5,0.6958017545892425,0.7278628495339547,0.6512743947957769,0.6599758527014791,0.811317254174397
Logistic Regression,"absNetRatingDiff,b2bDiff,closeGame,close_b2b,defRatingDiff,netRating_b2b,netRating_rest,offRatingDiff",8,0.6958006843205167,0.727787492713798,0.6513810387117415,0.6602205771264541,0.8107606679035251
Logistic Regression,"b2bDiff,closeGame,netRatingDiff,netRating_rest,offRatingDiff",5,0.6958004516534023,0.7285405943881786,0.6512743947957769,0.6592548076923077,0.814100185528757
Logistic Regression,"b2bDiff,closeGame,close_b2b,defRatingDiff,netRatingDiff,netRating_b2b,netRating_rest,offRatingDiff",8,0.6957996605852137,0.7297745358090185,0.6523408339554229,0.6595744680851063,0.8166975881261596
Logistic Regression,"b2bDiff,closeGame,close_b2b,defRatingDiff,netRating_rest,offRatingDiff",6,0.6957991487175622,0.7297431648715824,0.6521275461234937,0.6592814371257485,0.8170686456400742
Logistic Regression,"b2bDiff,defRatingDiff,netRatingDiff,netRating_b2b,netRating_rest,offRatingDiff",6,0.6957991487175621,0.7279840186449142,0.6514876826277061,0.6601751207729468,0.811317254174397
Logistic Regression,"b2bDiff,close_b2b,defRatingDiff,netRatingDiff,netRating_b2b,netRating_rest",6,0.695798497249642,0.7290836653386454,0.6519142582915645,0.6596575548212676,0.8148423005565862
Logistic Regression,"b2bDiff,defRatingDiff,netRating_b2b,netRating_rest,offRatingDiff",5,0.6957977527148762,0.7278628495339547,0.6512743947957769,0.6599758527014791,0.811317254174397
Logistic Regression,"b2bDiff,defRatingDiff,netRatingDiff,netRating_b2b,netRating_rest",5,0.695797147780379,0.7279234290470246,0.6513810387117415,0.6600754716981132,0.811317254174397
Logistic Regression,"b2bDiff,close_b2b,defRatingDiff,netRatingDiff,netRating_rest",5,0.6957969151132646,0.7291891443273301,0.6520209022075291,0.6597086649647094,0.8150278293135436
Logistic Regression,"b2bDiff,closeGame,close_b2b,defRatingDiff,netRatingDiff,netRating_b2b,netRating_rest",7,0.6957959379113846,0.7295482801491919,0.6520209022075291,0.6593258426966292,0.8165120593692022
Logistic Regression,"b2bDiff,netRatingDiff,netRating_b2b,netRating_rest,offRatingDiff",5,0.6957955191105787,0.7279234290470246,0.6513810387117415,0.6600754716981132,0.811317254174397
Logistic Regression,"b2bDiff,closeGame,defRatingDiff,netRating_b2b,netRating_rest,offRatingDiff",6,0.6957949607095044,0.7279973430753902,0.6506345312999894,0.6588518184550646,0.8133580705009277
Logistic Regression,"b2bDiff,closeGame,defRatingDiff,netRatingDiff,netRating_b2b,netRating_rest",6,0.6957938904407786,0.727936903279369,0.6505278873840248,0.6587528174305034,0.8133580705009277
Logistic Regression,"b2bDiff,close_b2b,netRatingDiff,netRating_b2b,netRating_rest,offRatingDiff",6,0.6957938439073557,0.7290681271263796,0.6518076143755999,0.659510583996397,0.8150278293135436
Logistic Regression,"b2bDiff,closeGame,netRatingDiff,netRating_b2b,netRating_rest,offRatingDiff",6,0.6957931459060128,0.7279973430753902,0.6506345312999894,0.6588518184550646,0.8133580705009277
Logistic Regression,"absNetRatingDiff,b2bDiff,close_b2b,netRatingDiff,netRating_rest,offRatingDiff,restDiff",7,0.6957927736386298,0.7290558510638298,0.6523408339554229,0.6603432700993677,0.8137291280148423
Logistic Regression,"b2bDiff,closeGame,close_b2b,defRatingDiff,netRating_b2b,netRating_rest,offRatingDiff",7,0.695792680571784,0.7296692365083313,0.6522341900394583,0.6595234527199161,0.8165120593692022
Logistic Regression,"b2bDiff,closeGame,defRatingDiff,netRatingDiff,netRating_b2b,netRating_rest,offRatingDiff",7,0.6957914241693668,0.7280577929087436,0.650741175215954,0.6589508492409439,0.8133580705009277
Logistic Regression,"b2bDiff,closeGame,close_b2b,netRatingDiff,netRating_b2b,netRating_rest,offRatingDiff",7,0.6957908192348696,0.7295931051628408,0.6520209022075291,0.6592781189156807,0.8166975881261596
Logistic Regression,"absNetRatingDiff,b2bDiff,defRatingDiff,netRatingDiff,netRating_rest,restDiff",6,0.6957895162990293,0.7279240253248918,0.6517009704596353,0.6605684910795283,0.8105751391465678
Logistic Regression,"b2bDiff,close_b2b,defRatingDiff,netRatingDiff,netRating_b2b,netRating_rest,offRatingDiff",7,0.6957891905650693,0.729023155448585,0.6518076143755999,0.659558492266106,0.8148423005565862
Logistic Regression,"absNetRatingDiff,b2bDiff,close_b2b,defRatingDiff,netRatingDiff,netRating_rest,restDiff",7,0.6957890509648007,0.7288445552784705,0.6521275461234937,0.6602409638554216,0.8133580705009277
Logistic Regression,"b2bDiff,close_b2b,defRatingDiff,netRating_b2b,netRating_rest,offRatingDiff",6,0.6957865381599662,0.7288726548231779,0.6517009704596353,0.6595552884615384,0.8144712430426716
Logistic Regression,"absNetRatingDiff,b2bDiff,closeGame,defRatingDiff,netRatingDiff,netRating_rest,restDiff",7,0.6957865381599662,0.7273636818409205,0.6512743947957769,0.6605087825560266,0.8092764378478664
Logistic Regression,"absNetRatingDiff,b2bDiff,defRatingDiff,netRatingDiff,netRating_rest,offRatingDiff,restDiff",7,0.6957858401586232,0.7278180454886278,0.6515943265436707,0.6605171631634659,0.8103896103896104
Logistic Regression,"absNetRatingDiff,b2bDiff,defRatingDiff,netRating_rest,offRatingDiff,restDiff",6,0.6957850025570116,0.7279240253248918,0.6517009704596353,0.6605684910795283,0.8105751391465678
Logistic Regression,"absNetRatingDiff,b2bDiff,closeGame,defRatingDiff,netRating_rest,offRatingDiff,restDiff",7,0.6957842580222457,0.72768192048012,0.6515943265436707,0.6606629332526108,0.8098330241187384
Logistic Regression,"absNetRatingDiff,b2bDiff,close_b2b,defRatingDiff,netRating_rest,offRatingDiff,restDiff",7,0.6957835134874799,0.7288445552784705,0.6521275461234937,0.6602409638554216,0.8133580705009277
Logistic Regression,"absNetRatingDiff,b2bDiff,closeGame,defRatingDiff,netRatingDiff,netRating_rest,offRatingDiff,restDiff",8,0.6957835134874799,0.7275152121363674,0.6513810387117415,0.6605115786287271,0.809647495361781
Logistic Regression,"absNetRatingDiff,b2bDiff,closeGame,netRatingDiff,netRating_rest,offRatingDiff,restDiff",7,0.695782164018217,0.7275758586195399,0.6514876826277061,0.6606115652437178,0.809647495361781
Logistic Regression,"absNetRatingDiff,b2bDiff,close_b2b,defRatingDiff,netRatingDiff,netRating_b2b,netRating_rest,offRatingDiff,restDiff",9,0.6957813729500283,0.7288755821689954,0.6523408339554229,0.6605366294844739,0.812987012987013
Logistic Regression,"absNetRatingDiff,b2bDiff,netRatingDiff,netRating_rest,offRatingDiff,restDiff",6,0.6957811868163368,0.7279240253248918,0.6517009704596353,0.6605684910795283,0.8105751391465678
Logistic Regression,"absNetRatingDiff,b2bDiff,close_b2b,defRatingDiff,netRatingDiff,netRating_rest,offRatingDiff,restDiff",8,0.6957803026813023,0.7288600648540783,0.6522341900394583,0.6603887298478228,0.8131725417439704
Logistic Regression,"absNetRatingDiff,b2bDiff,defRatingDiff,netRating_b2b,netRating_rest,offRatingDiff,restDiff",7,0.6957789532120393,0.727621270211702,0.6514876826277061,0.6605629539951574,0.8098330241187384
Logistic Regression,"absNetRatingDiff,b2bDiff,defRatingDiff,netRatingDiff,netRating_b2b,netRating_rest,restDiff",7,0.6957784413443878,0.7274545757626271,0.6512743947957769,0.660411622276029,0.809647495361781
Logistic Regression,"absNetRatingDiff,b2bDiff,netRatingDiff,netRating_b2b,netRating_rest,offRatingDiff,restDiff",7,0.6957765800074733,0.727621270211702,0.6514876826277061,0.6605629539951574,0.8098330241187384
Logistic Regression,"absNetRatingDiff,b2bDiff,close_b2b,defRatingDiff,netRating_b2b,netRating_rest,offRatingDiff,restDiff",8,0.6957764869406275,0.7286641157877225,0.6521275461234937,0.6604342581423401,0.8126159554730983
Logistic Regression,"absNetRatingDiff,b2bDiff,defRatingDiff,netRatingDiff,netRating_b2b,netRating_rest,offRatingDiff,restDiff",8,0.6957764404072047,0.727242414138046,0.6510611069638477,0.6603088101725704,0.8092764378478664
Logistic Regression,"absNetRatingDiff,b2bDiff,close_b2b,netRatingDiff,netRating_b2b,netRating_rest,offRatingDiff,restDiff",8,0.6957755562721704,0.728981288981289,0.6524474778713875,0.6605877920120573,0.8131725417439704
Logistic Regression,"absNetRatingDiff,b2bDiff,closeGame,defRatingDiff,netRating_b2b,netRating_rest,offRatingDiff,restDiff",8,0.6957749048042502,0.7273788674839463,0.6513810387117415,0.6606574761399788,0.8090909090909091
Logistic Regression,"absNetRatingDiff,b2bDiff,close_b2b,defRatingDiff,netRatingDiff,netRating_b2b,netRating_rest,restDiff",8,0.6957743464031758,0.7288755821689954,0.6523408339554229,0.6605366294844739,0.812987012987013
Logistic Regression,"absNetRatingDiff,b2bDiff,closeGame,netRatingDiff,netRating_b2b,netRating_rest,offRatingDiff,restDiff",8,0.6957741602694844,0.7274395329441201,0.6514876826277061,0.6607575757575758,0.8090909090909091
Logistic Regression,"absNetRatingDiff,b2bDiff,closeGame,close_b2b,defRatingDiff,netRatingDiff,netRating_rest,offRatingDiff,restDiff",9,0.6957733692012956,0.7286189683860232,0.6521275461234937,0.6604826546003016,0.812430426716141
Logistic Regression,"absNetRatingDiff,b2bDiff,closeGame,defRatingDiff,netRatingDiff,netRating_b2b,netRating_rest,offRatingDiff,restDiff",9,0.6957727642667985,0.7274395329441201,0.6514876826277061,0.6607575757575758,0.8090909090909091
Logistic Regression,"absNetRatingDiff,b2bDiff,closeGame,close_b2b,defRatingDiff,netRatingDiff,netRating_rest,restDiff",8,0.6957723919994155,0.7283323620014986,0.6520209022075291,0.6606252831898505,0.8115027829313544
Logistic Regression,"absNetRatingDiff,b2bDiff,closeGame,defRatingDiff,netRatingDiff,netRating_b2b,netRating_rest,restDiff",8,0.6957723454659928,0.7273788674839463,0.6513810387117415,0.6606574761399788,0.8090909090909091
Logistic Regression,"b2bDiff,closeGame,close_b2b,netRatingDiff,netRating_rest,offRatingDiff,restDiff",7,0.6957712286638439,0.7302691511387164,0.6526607657033167,0.6595362752430816,0.8179962894248608
Logistic Regression,"absNetRatingDiff,b2bDiff,closeGame,close_b2b,defRatingDiff,netRating_rest,offRatingDiff,restDiff",8,0.6957699257280039,0.7286795906481405,0.6522341900394583,0.6605822899381506,0.812430426716141
Logistic Regression,"b2bDiff,closeGame,close_b2b,defRatingDiff,netRatingDiff,netRating_rest,restDiff",7,0.6957682970582035,0.7301192842942346,0.6525541217873521,0.6595330739299611,0.8176252319109462
Logistic Regression,"absNetRatingDiff,b2bDiff,closeGame,close_b2b,netRatingDiff,netRating_rest,offRatingDiff,restDiff",8,0.6957662961210205,0.7286344345510527,0.6522341900394583,0.6606307529802323,0.8122448979591836
Logistic Regression,"b2bDiff,close_b2b,netRatingDiff,netRating_rest,offRatingDiff,restDiff",6,0.6957655515862546,0.7293844367015099,0.6521275461234937,0.6596638655462185,0.8155844155844156
Logistic Regression,"b2bDiff,defRatingDiff,netRatingDiff,netRating_rest,restDiff",5,0.6957652258522946,0.7281803810633164,0.6515943265436707,0.6601297329914014,0.811873840445269
Logistic Regression,"b2bDiff,closeGame,defRatingDiff,netRatingDiff,netRating_rest,restDiff",6,0.6957645743843746,0.7287671232876712,0.6515943265436707,0.6595041322314049,0.8142857142857143
Logistic Regression,"b2bDiff,closeGame,close_b2b,defRatingDiff,netRating_rest,offRatingDiff,restDiff",7,0.6957642486504144,0.730014083340237,0.6524474778713875,0.6594821134560694,0.8174397031539888
Logistic Regression,"absNetRatingDiff,b2bDiff,closeGame,close_b2b,defRatingDiff,netRatingDiff,netRating_b2b,netRating_rest,offRatingDiff,restDiff",10,0.69576271304746,0.7284680036614796,0.6520209022075291,0.6604798551380715,0.8120593692022263
Logistic Regression,"b2bDiff,defRatingDiff,netRatingDiff,netRating_rest,offRatingDiff,restDiff",6,0.695761689312157,0.7281803810633164,0.6515943265436707,0.6601297329914014,0.811873840445269
Logistic Regression,"b2bDiff,defRatingDiff,netRating_rest,offRatingDiff,restDiff",5,0.6957612705113511,0.7281803810633164,0.6515943265436707,0.6601297329914014,0.811873840445269
Logistic Regression,"b2bDiff,closeGame,defRatingDiff,netRatingDiff,netRating_rest,offRatingDiff,restDiff",7,0.6957607586436996,0.7286010792860108,0.6513810387117415,0.6593538692712246,0.814100185528757
Logistic Regression,"b2bDiff,closeGame,close_b2b,defRatingDiff,netRatingDiff,netRating_rest,offRatingDiff,restDiff",8,0.6957602933094711,0.730014083340237,0.6524474778713875,0.6594821134560694,0.8174397031539888
Logistic Regression,"b2bDiff,close_b2b,defRatingDiff,netRatingDiff,netRating_rest,offRatingDiff,restDiff",7,0.6957600606423566,0.7295660111194092,0.6524474778713875,0.6599609668217985,0.8155844155844156
Logistic Regression,"b2bDiff,close_b2b,defRatingDiff,netRatingDiff,netRating_rest,restDiff",6,0.6957593626410138,0.7295660111194092,0.6524474778713875,0.6599609668217985,0.8155844155844156
Logistic Regression,"b2bDiff,closeGame,defRatingDiff,netRating_rest,offRatingDiff,restDiff",6,0.6957592230407451,0.7287671232876712,0.6515943265436707,0.6595041322314049,0.8142857142857143
Logistic Regression,"b2bDiff,closeGame,close_b2b,defRatingDiff,netRating_b2b,netRating_rest,offRatingDiff,restDiff",8,0.6957575478375221,0.7296087533156499,0.6521275461234937,0.6594246329038058,0.8165120593692022
Logistic Regression,"b2bDiff,closeGame,close_b2b,defRatingDiff,netRatingDiff,netRating_b2b,netRating_rest,offRatingDiff,restDiff",9,0.6957573617038305,0.7296087533156499,0.6521275461234937,0.6594246329038058,0.8165120593692022
Logistic Regression,"b2bDiff,netRatingDiff,netRating_rest,offRatingDiff,restDiff",5,0.6957573151704077,0.7281803810633164,0.6515943265436707,0.6601297329914014,0.811873840445269
Logistic Regression,"b2bDiff,close_b2b,defRatingDiff,netRating_rest,offRatingDiff,restDiff",6,0.6957571290367164,0.7295054762694988,0.6523408339554229,0.6598619033323326,0.8155844155844156
Logistic Regression,"absNetRatingDiff,b2bDiff,closeGame,close_b2b,defRatingDiff,netRating_b2b,netRating_rest,offRatingDiff,restDiff",9,0.6957561518348361,0.7282717282717283,0.6519142582915645,0.6605255209906372,0.8115027829313544
Logistic Regression,"b2bDiff,closeGame,netRatingDiff,netRating_rest,offRatingDiff,restDiff",6,0.6957549419658418,0.7286010792860108,0.6513810387117415,0.6593538692712246,0.814100185528757
Logistic Regression,"absNetRatingDiff,b2bDiff,closeGame,close_b2b,netRatingDiff,netRating_b2b,netRating_rest,offRatingDiff,restDiff",9,0.6957541043642301,0.7282264779350541,0.6519142582915645,0.6605740181268882,0.811317254174397
Logistic Regression,"absNetRatingDiff,b2bDiff,closeGame,close_b2b,defRatingDiff,netRatingDiff,netRating_b2b,netRating_rest,restDiff",9,0.695753499429733,0.7282264779350541,0.6519142582915645,0.6605740181268882,0.811317254174397
Logistic Regression,"b2bDiff,closeGame,defRatingDiff,netRatingDiff,netRating_b2b,netRating_rest,restDiff",7,0.6957514054257039,0.728253652058433,0.6508478191319185,0.6589065785521178,0.8139146567717996
Logistic Regression,"b2bDiff,defRatingDiff,netRatingDiff,netRating_b2b,netRating_rest,restDiff",6,0.6957467986168405,0.7281957390146472,0.6517009704596353,0.6602776939329913,0.8116883116883117
Logistic Regression,"b2bDiff,closeGame,close_b2b,defRatingDiff,netRatingDiff,netRating_b2b,netRating_rest,restDiff",8,0.6957456818146918,0.729714048901782,0.6522341900394583,0.6594756554307116,0.8166975881261596
Logistic Regression,"b2bDiff,closeGame,defRatingDiff,netRating_b2b,netRating_rest,offRatingDiff,restDiff",7,0.6957452630138861,0.7283141030962065,0.6509544630478831,0.6590055580591858,0.8139146567717996
Logistic Regression,"b2bDiff,closeGame,netRatingDiff,netRating_b2b,netRating_rest,offRatingDiff,restDiff",7,0.6957448442130802,0.7283141030962065,0.6509544630478831,0.6590055580591858,0.8139146567717996
Logistic Regression,"b2bDiff,closeGame,close_b2b,netRatingDiff,netRating_b2b,netRating_rest,offRatingDiff,restDiff",8,0.6957438204777773,0.7296535720205536,0.6521275461234937,0.6593768723786698,0.8166975881261596
Logistic Regression,"b2bDiff,netRatingDiff,netRating_b2b,netRating_rest,offRatingDiff,restDiff",6,0.6957437274109316,0.7280898876404495,0.6515943265436707,0.6602264150943397,0.8115027829313544
Logistic Regression,"b2bDiff,closeGame,defRatingDiff,netRatingDiff,netRating_b2b,netRating_rest,offRatingDiff,restDiff",8,0.6957437274109315,0.7283294586516108,0.6510611069638477,0.6591523895401262,0.8137291280148423
Logistic Regression,"b2bDiff,defRatingDiff,netRating_b2b,netRating_rest,offRatingDiff,restDiff",6,0.6957424244750914,0.7281351418823334,0.6515943265436707,0.6601780594537499,0.8116883116883117
Logistic Regression,"b2bDiff,defRatingDiff,netRatingDiff,netRating_b2b,netRating_rest,offRatingDiff,restDiff",7,0.6957419126074399,0.7280898876404495,0.6515943265436707,0.6602264150943397,0.8115027829313544
Logistic Regression,"b2bDiff,close_b2b,defRatingDiff,netRating_b2b,netRating_rest,offRatingDiff,restDiff",7,0.6957409354055597,0.7293102017099693,0.6522341900394583,0.6599068649541836,0.8150278293135436
Logistic Regression,"b2bDiff,close_b2b,defRatingDiff,netRatingDiff,netRating_b2b,netRating_rest,offRatingDiff,restDiff",8,0.6957371196648849,0.7293551332060751,0.6522341900394583,0.6598588376633128,0.8152133580705009
Logistic Regression,"b2bDiff,close_b2b,defRatingDiff,netRatingDiff,netRating_b2b,netRating_rest,restDiff",7,0.6957361424630049,0.7292946058091286,0.6521275461234937,0.6597597597597598,0.8152133580705009
Logistic Regression,"b2bDiff,close_b2b,netRatingDiff,netRating_b2b,netRating_rest,offRatingDiff,restDiff",7,0.695735025660856,0.7292185166749626,0.6519142582915645,0.6595138055222088,0.8153988868274582
Logistic Regression,"absNetRatingDiff,b2bDiff,close_b2b,netRatingDiff,restDiff",5,0.6957110144146583,0.7303165920769104,0.6529806974512105,0.6599760335530258,0.8174397031539888
Logistic Regression,"absNetRatingDiff,b2bDiff,close_b2b,netRatingDiff",4,0.6957086412100923,0.7303771239121426,0.6530873413671751,0.6600749063670412,0.8174397031539888
Logistic Regression,"b2bDiff,closeGame,close_b2b,netRatingDiff,restDiff",5,0.6957065472060635,0.7311916756131803,0.6528740535352459,0.6588778091977973,0.8213358070500928
Logistic Regression,"absNetRatingDiff,b2bDiff,closeGame,close_b2b,netRatingDiff,netRating_b2b,restDiff",7,0.6957065472060635,0.7300506518309391,0.6533006291991041,0.660754546820983,0.8155844155844156
Logistic Regression,"absNetRatingDiff,b2bDiff,closeGame,close_b2b,netRatingDiff,netRating_b2b",6,0.6957059422715662,0.7300664451827242,0.6534072731150687,0.6609022556390978,0.8153988868274582
Logistic Regression,"absNetRatingDiff,b2bDiff,closeGame,close_b2b,netRatingDiff",5,0.6957031502661944,0.7302615193026152,0.6535139170310333,0.6608564988730278,0.8159554730983303
Logistic Regression,"absNetRatingDiff,b2bDiff,closeGame,close_b2b,netRatingDiff,restDiff",6,0.695702964132503,0.730111277196479,0.6534072731150687,0.6608538785327721,0.8155844155844156
Logistic Regression,"b2bDiff,closeGame,close_b2b,netRatingDiff",4,0.6957029175990801,0.7311916756131803,0.6528740535352459,0.6588778091977973,0.8213358070500928
Logistic Regression,"absNetRatingDiff,b2bDiff,closeGame,netRatingDiff,restDiff",5,0.6957014285295484,0.7300531914893617,0.6536205609469979,0.6612466124661247,0.8148423005565862
Logistic Regression,"absNetRatingDiff,b2bDiff,close_b2b,netRatingDiff,netRating_b2b,restDiff",6,0.6957007770616285,0.7306481021050887,0.6534072731150687,0.6602756141402037,0.8178107606679035
Logistic Regression,"absNetRatingDiff,b2bDiff,netRatingDiff,restDiff",4,0.6957000790602854,0.7300954753009548,0.6533006291991041,0.6607062359128475,0.815769944341373
Logistic Regression,"absNetRatingDiff,b2bDiff,closeGame,netRatingDiff,netRating_b2b,restDiff",6,0.6956998929265941,0.7299476352755382,0.6535139170310333,0.6611956030718266,0.8146567717996289
Logistic Regression,"absNetRatingDiff,b2bDiff,close_b2b,netRatingDiff,netRating_b2b",5,0.6956986365241766,0.7306034482758621,0.6534072731150687,0.6603236439916093,0.8176252319109462
Logistic Regression,"absNetRatingDiff,b2bDiff,closeGame,netRatingDiff,netRating_b2b",5,0.6956984969239081,0.7297971400066512,0.6534072731150687,0.6611931304609823,0.8142857142857143
Logistic Regression,"absNetRatingDiff,b2bDiff,close_b2b,netRatingDiff,netRating_rest",5,0.6956979850562566,0.7307692307692307,0.6536205609469979,0.6604734791729098,0.8178107606679035
Logistic Regression,"absNetRatingDiff,b2bDiff,netRatingDiff",3,0.6956978919894109,0.7300506518309391,0.6533006291991041,0.660754546820983,0.8155844155844156
Logistic Regression,"absNetRatingDiff,b2bDiff,closeGame,netRatingDiff",4,0.6956978919894108,0.7300083125519534,0.6536205609469979,0.6612951807228916,0.8146567717996289
Logistic Regression,"b2bDiff,closeGame,netRatingDiff,restDiff",4,0.6956962167861878,0.730909090909091,0.6527674096192813,0.659016393442623,0.8204081632653061
Logistic Regression,"b2bDiff,closeGame,close_b2b,netRatingDiff,netRating_b2b,restDiff",6,0.6956951930508848,0.7313568420183335,0.6530873413671751,0.659026640869177,0.8215213358070501
Logistic Regression,"b2bDiff,closeGame,close_b2b,netRatingDiff,netRating_b2b",5,0.6956942623824275,0.7311472701742794,0.6528740535352459,0.6589251153788894,0.8211502782931355
Logistic Regression,"b2bDiff,closeGame,netRatingDiff",3,0.695694076248736,0.7307596924857402,0.6526607657033167,0.6590129715222901,0.8200371057513914
Logistic Regression,"absNetRatingDiff,b2bDiff,netRatingDiff,netRating_b2b,restDiff",5,0.6956936574479303,0.7302008965631746,0.6534072731150687,0.6607572115384616,0.8159554730983303
Logistic Regression,"absNetRatingDiff,b2bDiff,netRatingDiff,netRating_b2b",4,0.6956916099773243,0.7302615193026152,0.6535139170310333,0.6608564988730278,0.8159554730983303
Logistic Regression,"b2bDiff,closeGame,close_b2b,netRatingDiff,netRating_rest",5,0.6956909585094041,0.7313124638638804,0.6530873413671751,0.6590739913651928,0.8213358070500928
Logistic Regression,"b2bDiff,closeGame,netRatingDiff,netRating_b2b",4,0.695689329839604,0.7307596924857402,0.6526607657033167,0.6590129715222901,0.8200371057513914
Logistic Regression,"b2bDiff,close_b2b,netRatingDiff,restDiff",4,0.6956888645053753,0.7316307132820894,0.6537272048629625,0.6597108361901923,0.8211502782931355
Logistic Regression,"b2bDiff,closeGame,netRatingDiff,netRating_b2b,restDiff",5,0.6956883991711467,0.7308646057199537,0.6527674096192813,0.6590638044126417,0.8202226345083488
Logistic Regression,"b2bDiff,close_b2b,netRatingDiff,netRating_b2b,restDiff",5,0.6956874685026895,0.7316468253968254,0.6538338487789271,0.6598568446167611,0.8209647495361782
Logistic Regression,"b2bDiff,close_b2b,netRatingDiff,netRating_b2b",4,0.6956871427687294,0.7317073170731707,0.6539404926948917,0.6599552572706935,0.8209647495361782
Logistic Regression,"b2bDiff,netRatingDiff,restDiff",3,0.6956863517005407,0.7305716652858326,0.6531939852831395,0.6600299401197605,0.8179962894248608
Logistic Regression,"b2bDiff,close_b2b,netRatingDiff",3,0.6956861190334264,0.7315863437215838,0.6537272048629625,0.6597584613090801,0.8209647495361782
Logistic Regression,"b2bDiff,netRatingDiff,netRating_b2b,restDiff",4,0.6956851883649691,0.7305716652858326,0.6531939852831395,0.6600299401197605,0.8179962894248608
Logistic Regression,"b2bDiff,netRatingDiff",2,0.6956834200949003,0.7305270135896585,0.6531939852831395,0.6600778676250374,0.8178107606679035
Logistic Regression,"b2bDiff,netRatingDiff,netRating_b2b",3,0.6956823498261744,0.7305875528300323,0.6533006291991041,0.6601767260745844,0.8178107606679035
Logistic Regression,"absNetRatingDiff,b2bDiff,closeGame,close_b2b,netRatingDiff,netRating_rest",6,0.6956808142232198,0.7303827949846384,0.6537272048629625,0.6610551630843229,0.8159554730983303
Logistic Regression,"absNetRatingDiff,b2bDiff,netRatingDiff,netRating_rest",4,0.695679697421071,0.7303827949846384,0.6537272048629625,0.6610551630843229,0.8159554730983303
Logistic Regression,"absNetRatingDiff,b2bDiff,close_b2b,netRatingDiff,netRating_b2b,netRating_rest",6,0.6956789528863054,0.7306799336650083,0.6536205609469979,0.6605697151424288,0.8174397031539888
Logistic Regression,"absNetRatingDiff,b2bDiff,closeGame,close_b2b,netRatingDiff,netRating_b2b,netRating_rest",7,0.6956775103501966,0.730005813470642,0.6533006291991041,0.6608028867839423,0.8153988868274582
Logistic Regression,"b2bDiff,closeGame,netRatingDiff,netRating_rest",4,0.6956772776830822,0.730686517783292,0.6527674096192813,0.6592537313432836,0.8194805194805195
Logistic Regression,"b2bDiff,close_b2b,netRatingDiff,netRating_rest",4,0.6956741599437504,0.7312717049776749,0.6534072731150687,0.6596062052505967,0.8204081632653061
Logistic Regression,"absNetRatingDiff,b2bDiff,closeGame,netRatingDiff,netRating_rest",5,0.6956724847405273,0.7296308613235784,0.6531939852831395,0.6610424826755047,0.814100185528757
Logistic Regression,"absNetRatingDiff,b2bDiff,closeGame,netRatingDiff,netRating_b2b,netRating_rest",6,0.6956687155332753,0.7300241124137358,0.6537272048629625,0.6614434232333886,0.8144712430426716
Logistic Regression,"b2bDiff,closeGame,netRatingDiff,netRating_b2b,netRating_rest",5,0.6956665284624007,0.7308360208385016,0.6528740535352459,0.6592570490825004,0.8198515769944341
Logistic Regression,"b2bDiff,closeGame,close_b2b,netRatingDiff,netRating_b2b,netRating_rest",6,0.6956656443273664,0.7310584152689416,0.6528740535352459,0.6590198123044838,0.8207792207792208
Logistic Regression,"b2bDiff,netRatingDiff,netRating_rest",3,0.6956652720599835,0.7305875528300323,0.6533006291991041,0.6601767260745844,0.8178107606679035
Logistic Regression,"absNetRatingDiff,b2bDiff,netRatingDiff,netRating_b2b,netRating_rest",5,0.6956652720599835,0.7302035729123391,0.6537272048629625,0.6612490594431903,0.8152133580705009
Logistic Regression,"b2bDiff,netRatingDiff,netRating_b2b,netRating_rest",4,0.6956630849891088,0.7306193516292181,0.6535139170310333,0.6604706940488683,0.8174397031539888
Logistic Regression,"b2bDiff,closeGame,close_b2b,netRatingDiff,netRating_rest,restDiff",6,0.6956627592551488,0.7311312964492155,0.6527674096192813,0.658779761904762,0.8213358070500928
Logistic Regression,"absNetRatingDiff,b2bDiff,close_b2b,netRatingDiff,netRating_rest,restDiff",6,0.6956623404543429,0.7303929696567734,0.6531939852831395,0.6602218225419664,0.8172541743970315
Logistic Regression,"b2bDiff,close_b2b,netRatingDiff,netRating_b2b,netRating_rest",5,0.695661688986423,0.7314975605722319,0.6537272048629625,0.6598537968073996,0.8205936920222634
Logistic Regression,"absNetRatingDiff,b2bDiff,closeGame,close_b2b,netRatingDiff,netRating_rest,restDiff",7,0.6956523823018503,0.7304116865869854,0.6536205609469979,0.6608591168519075,0.8163265306122449
Logistic Regression,"absNetRatingDiff,b2bDiff,close_b2b,netRatingDiff,netRating_b2b,netRating_rest,restDiff",7,0.6956470309582208,0.7303771239121426,0.6530873413671751,0.6600749063670412,0.8174397031539888
Logistic Regression,"absNetRatingDiff,b2bDiff,netRatingDiff,netRating_rest,restDiff",5,0.695642563749626,0.730111277196479,0.6534072731150687,0.6608538785327721,0.8155844155844156
Logistic Regression,"b2bDiff,close_b2b,netRatingDiff,netRating_rest,restDiff",5,0.6956406558792886,0.731404958677686,0.6534072731150687,0.6594634873323398,0.8209647495361782
Logistic Regression,"absNetRatingDiff,b2bDiff,closeGame,netRatingDiff,netRating_rest,restDiff",6,0.6956392133431798,0.7299318597307628,0.6534072731150687,0.6610475617098134,0.8148423005565862
Logistic Regression,"b2bDiff,closeGame,close_b2b,netRatingDiff,netRating_b2b,netRating_rest,restDiff",7,0.6956379104073396,0.7310424582851479,0.6527674096192813,0.6588743299583085,0.8209647495361782
Logistic Regression,"absNetRatingDiff,b2bDiff,closeGame,close_b2b,netRatingDiff,netRating_b2b,netRating_rest,restDiff",8,0.6956376777402252,0.7299451918285998,0.6531939852831395,0.6607035478051714,0.8153988868274582
Logistic Regression,"absNetRatingDiff,b2bDiff,closeGame,netRatingDiff,netRating_b2b,netRating_rest,restDiff",7,0.6956351184019679,0.7298263109781434,0.6533006291991041,0.6609965377088665,0.8146567717996289
Logistic Regression,"b2bDiff,closeGame,netRatingDiff,netRating_rest,restDiff",5,0.6956332105316304,0.7307151715584952,0.6526607657033167,0.6590604026845638,0.8198515769944341
Logistic Regression,"absNetRatingDiff,b2bDiff,netRatingDiff,netRating_b2b,netRating_rest,restDiff",6,0.6956284175890755,0.7297948334579284,0.6530873413671751,0.6607008572717702,0.8150278293135436
Logistic Regression,"b2bDiff,close_b2b,netRatingDiff,netRating_b2b,netRating_rest,restDiff",6,0.6956242295810178,0.7314814814814815,0.6536205609469979,0.6597077244258872,0.8207792207792208
Logistic Regression,"b2bDiff,closeGame,netRatingDiff,netRating_b2b,netRating_rest,restDiff",6,0.6956194366384627,0.7307151715584952,0.6526607657033167,0.6590604026845638,0.8198515769944341
Logistic Regression,"b2bDiff,netRatingDiff,netRating_rest,restDiff",4,0.6956178545020854,0.7306321981937195,0.6533006291991041,0.6601287617906872,0.8179962894248608
Logistic Regression,"b2bDiff,netRatingDiff,netRating_b2b,netRating_rest,restDiff",5,0.6956138526277191,0.7307245896202952,0.6536205609469979,0.6605215827338129,0.8176252319109462
